date,hr_of_day,vals
5/1/2014,0,72
5/1/2014,1,127
5/1/2014,2,277
5/1/2014,3,411
5/1/2014,4,666
5/1/2014,5,912
5/1/2014,6,1164
5/1/2014,7,1119
5/1/2014,8,951
5/1/2014,9,929
5/1/2014,10,942
5/1/2014,11,968
5/1/2014,12,856
5/1/2014,13,835
5/1/2014,14,885
5/1/2014,15,945
5/1/2014,16,924
5/1/2014,17,914
5/1/2014,18,744
5/1/2014,19,377
5/1/2014,20,219
5/1/2014,21,106
5/1/2014,22,56
5/1/2014,23,43
5/2/2014,0,61
5/2/2014,1,136
5/2/2014,2,272
5/2/2014,3,385
5/2/2014,4,590
5/2/2014,5,869
5/2/2014,6,1019
5/2/2014,7,961
5/2/2014,8,931
5/2/2014,9,980
5/2/2014,10,1055
5/2/2014,11,1007
5/2/2014,12,896
5/2/2014,13,839
5/2/2014,14,827
5/2/2014,15,832
5/2/2014,16,846
5/2/2014,17,820
5/2/2014,18,675
5/2/2014,19,433
5/2/2014,20,242
5/2/2014,21,112
5/2/2014,22,80
5/2/2014,23,43
5/3/2014,0,49
5/3/2014,1,158
5/3/2014,2,243
5/3/2014,3,395
5/3/2014,4,612
5/3/2014,5,860
5/3/2014,6,979
5/3/2014,7,1027
5/3/2014,8,945
5/3/2014,9,1023
5/3/2014,10,996
5/3/2014,11,912
5/3/2014,12,672
5/3/2014,13,615
5/3/2014,14,633
5/3/2014,15,580
5/3/2014,16,614
5/3/2014,17,552
5/3/2014,18,465
5/3/2014,19,315
5/3/2014,20,181
5/3/2014,21,78
5/3/2014,22,51
5/3/2014,23,30
5/4/2014,0,48
5/4/2014,1,106
5/4/2014,2,251
5/4/2014,3,372
5/4/2014,4,564
5/4/2014,5,800
5/4/2014,6,985
5/4/2014,7,997
5/4/2014,8,918
5/4/2014,9,849
5/4/2014,10,769
5/4/2014,11,851
5/4/2014,12,850
5/4/2014,13,840
5/4/2014,14,916
5/4/2014,15,917
5/4/2014,16,862
5/4/2014,17,921
5/4/2014,18,660
5/4/2014,19,408
5/4/2014,20,216
5/4/2014,21,114
5/4/2014,22,49
5/4/2014,23,45
5/5/2014,0,53
5/5/2014,1,137
5/5/2014,2,254
5/5/2014,3,408
5/5/2014,4,638
5/5/2014,5,792
5/5/2014,6,1101
5/5/2014,7,973
5/5/2014,8,964
5/5/2014,9,1062
5/5/2014,10,880
5/5/2014,11,1009
5/5/2014,12,794
5/5/2014,13,868
5/5/2014,14,837
5/5/2014,15,966
5/5/2014,16,1017
5/5/2014,17,1041
5/5/2014,18,766
5/5/2014,19,405
5/5/2014,20,196
5/5/2014,21,97
5/5/2014,22,60
5/5/2014,23,56
5/6/2014,0,66
5/6/2014,1,161
5/6/2014,2,320
5/6/2014,3,451
5/6/2014,4,712
5/6/2014,5,940
5/6/2014,6,1048
5/6/2014,7,1115
5/6/2014,8,1022
5/6/2014,9,1051
5/6/2014,10,1065
5/6/2014,11,1006
5/6/2014,12,1041
5/6/2014,13,956
5/6/2014,14,929
5/6/2014,15,996
5/6/2014,16,996
5/6/2014,17,1033
5/6/2014,18,774
5/6/2014,19,484
5/6/2014,20,243
5/6/2014,21,108
5/6/2014,22,69
5/6/2014,23,46
5/7/2014,0,71
5/7/2014,1,170
5/7/2014,2,263
5/7/2014,3,421
5/7/2014,4,643
5/7/2014,5,889
5/7/2014,6,1082
5/7/2014,7,1045
5/7/2014,8,829
5/7/2014,9,1032
5/7/2014,10,1190
5/7/2014,11,1087
5/7/2014,12,1042
5/7/2014,13,917
5/7/2014,14,973
5/7/2014,15,928
5/7/2014,16,917
5/7/2014,17,968
5/7/2014,18,814
5/7/2014,19,397
5/7/2014,20,225
5/7/2014,21,116
5/7/2014,22,47
5/7/2014,23,52
5/8/2014,0,58
5/8/2014,1,176
5/8/2014,2,262
5/8/2014,3,443
5/8/2014,4,680
5/8/2014,5,984
5/8/2014,6,1152
5/8/2014,7,1141
5/8/2014,8,950
5/8/2014,9,1057
5/8/2014,10,1126
5/8/2014,11,925
5/8/2014,12,909
5/8/2014,13,965
5/8/2014,14,899
5/8/2014,15,836
5/8/2014,16,869
5/8/2014,17,843
5/8/2014,18,678
5/8/2014,19,338
5/8/2014,20,174
5/8/2014,21,90
5/8/2014,22,66
5/8/2014,23,46
5/9/2014,0,61
5/9/2014,1,100
5/9/2014,2,231
5/9/2014,3,330
5/9/2014,4,527
5/9/2014,5,615
5/9/2014,6,855
5/9/2014,7,872
5/9/2014,8,788
5/9/2014,9,849
5/9/2014,10,697
5/9/2014,11,908
5/9/2014,12,744
5/9/2014,13,770
5/9/2014,14,776
5/9/2014,15,696
5/9/2014,16,737
5/9/2014,17,777
5/9/2014,18,533
5/9/2014,19,352
5/9/2014,20,180
5/9/2014,21,100
5/9/2014,22,60
5/9/2014,23,43
5/10/2014,0,57
5/10/2014,1,116
5/10/2014,2,218
5/10/2014,3,343
5/10/2014,4,520
5/10/2014,5,742
5/10/2014,6,903
5/10/2014,7,986
5/10/2014,8,922
5/10/2014,9,949
5/10/2014,10,817
5/10/2014,11,834
5/10/2014,12,833
5/10/2014,13,688
5/10/2014,14,696
5/10/2014,15,708
5/10/2014,16,630
5/10/2014,17,627
5/10/2014,18,535
5/10/2014,19,374
5/10/2014,20,175
5/10/2014,21,101
5/10/2014,22,64
5/10/2014,23,22
5/11/2014,0,55
5/11/2014,1,97
5/11/2014,2,185
5/11/2014,3,308
5/11/2014,4,513
5/11/2014,5,696
5/11/2014,6,764
5/11/2014,7,858
5/11/2014,8,831
5/11/2014,9,738
5/11/2014,10,782
5/11/2014,11,721
5/11/2014,12,695
5/11/2014,13,702
5/11/2014,14,747
5/11/2014,15,670
5/11/2014,16,657
5/11/2014,17,760
5/11/2014,18,605
5/11/2014,19,399
5/11/2014,20,188
5/11/2014,21,85
5/11/2014,22,36
5/11/2014,23,25
5/12/2014,0,46
5/12/2014,1,122
5/12/2014,2,242
5/12/2014,3,345
5/12/2014,4,533
5/12/2014,5,743
5/12/2014,6,895
5/12/2014,7,1003
5/12/2014,8,991
5/12/2014,9,1011
5/12/2014,10,997
5/12/2014,11,983
5/12/2014,12,885
5/12/2014,13,823
5/12/2014,14,851
5/12/2014,15,816
5/12/2014,16,972
5/12/2014,17,921
5/12/2014,18,705
5/12/2014,19,384
5/12/2014,20,185
5/12/2014,21,113
5/12/2014,22,71
5/12/2014,23,47
5/13/2014,0,68
5/13/2014,1,127
5/13/2014,2,260
5/13/2014,3,414
5/13/2014,4,665
5/13/2014,5,813
5/13/2014,6,1022
5/13/2014,7,996
5/13/2014,8,876
5/13/2014,9,987
5/13/2014,10,938
5/13/2014,11,968
5/13/2014,12,815
5/13/2014,13,697
5/13/2014,14,837
5/13/2014,15,857
5/13/2014,16,835
5/13/2014,17,770
5/13/2014,18,599
5/13/2014,19,372
5/13/2014,20,192
5/13/2014,21,88
5/13/2014,22,48
5/13/2014,23,44
5/14/2014,0,61
5/14/2014,1,119
5/14/2014,2,233
5/14/2014,3,421
5/14/2014,4,619
5/14/2014,5,813
5/14/2014,6,976
5/14/2014,7,952
5/14/2014,8,853
5/14/2014,9,908
5/14/2014,10,851
5/14/2014,11,850
5/14/2014,12,686
5/14/2014,13,652
5/14/2014,14,672
5/14/2014,15,708
5/14/2014,16,179
5/14/2014,17,1
5/14/2014,18,6
5/14/2014,19,15
5/14/2014,20,110
5/14/2014,21,93
5/14/2014,22,50
5/14/2014,23,40
5/15/2014,0,53
5/15/2014,1,117
5/15/2014,2,238
5/15/2014,3,355
5/15/2014,4,537
5/15/2014,5,663
5/15/2014,6,830
5/15/2014,7,859
5/15/2014,8,896
5/15/2014,9,968
5/15/2014,10,918
5/15/2014,11,774
5/15/2014,12,705
5/15/2014,13,726
5/15/2014,14,694
5/15/2014,15,712
5/15/2014,16,780
5/15/2014,17,754
5/15/2014,18,566
5/15/2014,19,296
5/15/2014,20,188
5/15/2014,21,98
5/15/2014,22,44
5/15/2014,23,37
5/16/2014,0,55
5/16/2014,1,133
5/16/2014,2,229
5/16/2014,3,246
5/16/2014,4,334
5/16/2014,5,477
5/16/2014,6,572
5/16/2014,7,643
5/16/2014,8,568
5/16/2014,9,615
5/16/2014,10,694
5/16/2014,11,659
5/16/2014,12,628
5/16/2014,13,600
5/16/2014,14,623
5/16/2014,15,666
5/16/2014,16,633
5/16/2014,17,612
5/16/2014,18,490
5/16/2014,19,283
5/16/2014,20,152
5/16/2014,21,78
5/16/2014,22,53
5/16/2014,23,40
5/17/2014,0,55
5/17/2014,1,105
5/17/2014,2,196
5/17/2014,3,323
5/17/2014,4,541
5/17/2014,5,658
5/17/2014,6,776
5/17/2014,7,815
5/17/2014,8,793
5/17/2014,9,740
5/17/2014,10,752
5/17/2014,11,778
5/17/2014,12,696
5/17/2014,13,679
5/17/2014,14,704
5/17/2014,15,662
5/17/2014,16,676
5/17/2014,17,622
5/17/2014,18,455
5/17/2014,19,300
5/17/2014,20,169
5/17/2014,21,85
5/17/2014,22,61
5/17/2014,23,28
5/18/2014,0,44
5/18/2014,1,102
5/18/2014,2,222
5/18/2014,3,316
5/18/2014,4,465
5/18/2014,5,478
5/18/2014,6,593
5/18/2014,7,565
5/18/2014,8,676
5/18/2014,9,742
5/18/2014,10,707
5/18/2014,11,691
5/18/2014,12,712
5/18/2014,13,647
5/18/2014,14,735
5/18/2014,15,705
5/18/2014,16,757
5/18/2014,17,759
5/18/2014,18,522
5/18/2014,19,311
5/18/2014,20,132
5/18/2014,21,81
5/18/2014,22,40
5/18/2014,23,27
5/19/2014,0,45
5/19/2014,1,89
5/19/2014,2,226
5/19/2014,3,349
5/19/2014,4,535
5/19/2014,5,784
5/19/2014,6,909
5/19/2014,7,955
5/19/2014,8,926
5/19/2014,9,1020
5/19/2014,10,931
5/19/2014,11,874
5/19/2014,12,799
5/19/2014,13,709
5/19/2014,14,744
5/19/2014,15,726
5/19/2014,16,844
5/19/2014,17,815
5/19/2014,18,559
5/19/2014,19,318
5/19/2014,20,148
5/19/2014,21,94
5/19/2014,22,53
5/19/2014,23,36
5/20/2014,0,50
5/20/2014,1,125
5/20/2014,2,238
5/20/2014,3,364
5/20/2014,4,578
5/20/2014,5,742
5/20/2014,6,891
5/20/2014,7,900
5/20/2014,8,835
5/20/2014,9,886
5/20/2014,10,892
5/20/2014,11,849
5/20/2014,12,723
5/20/2014,13,720
5/20/2014,14,755
5/20/2014,15,695
5/20/2014,16,745
5/20/2014,17,719
5/20/2014,18,529
5/20/2014,19,320
5/20/2014,20,186
5/20/2014,21,89
5/20/2014,22,60
5/20/2014,23,47
5/21/2014,0,43
5/21/2014,1,133
5/21/2014,2,254
5/21/2014,3,363
5/21/2014,4,565
5/21/2014,5,638
5/21/2014,6,797
5/21/2014,7,889
5/21/2014,8,770
5/21/2014,9,854
5/21/2014,10,831
5/21/2014,11,846
5/21/2014,12,828
5/21/2014,13,636
5/21/2014,14,700
5/21/2014,15,712
5/21/2014,16,714
5/21/2014,17,695
5/21/2014,18,488
5/21/2014,19,287
5/21/2014,20,163
5/21/2014,21,98
5/21/2014,22,50
5/21/2014,23,20
5/22/2014,0,41
5/22/2014,1,100
5/22/2014,2,250
5/22/2014,3,368
5/22/2014,4,558
5/22/2014,5,695
5/22/2014,6,769
5/22/2014,7,758
5/22/2014,8,694
5/22/2014,9,752
5/22/2014,10,754
5/22/2014,11,761
5/22/2014,12,661
5/22/2014,13,589
5/22/2014,14,590
5/22/2014,15,647
5/22/2014,16,674
5/22/2014,17,623
5/22/2014,18,480
5/22/2014,19,305
5/22/2014,20,163
5/22/2014,21,85
5/22/2014,22,41
5/22/2014,23,39
5/23/2014,0,50
5/23/2014,1,109
5/23/2014,2,216
5/23/2014,3,303
5/23/2014,4,467
5/23/2014,5,628
5/23/2014,6,724
5/23/2014,7,802
5/23/2014,8,725
5/23/2014,9,710
5/23/2014,10,682
5/23/2014,11,728
5/23/2014,12,699
5/23/2014,13,657
5/23/2014,14,614
5/23/2014,15,600
5/23/2014,16,638
5/23/2014,17,560
5/23/2014,18,487
5/23/2014,19,301
5/23/2014,20,133
5/23/2014,21,82
5/23/2014,22,47
5/23/2014,23,39
5/24/2014,0,30
5/24/2014,1,120
5/24/2014,2,218
5/24/2014,3,314
5/24/2014,4,458
5/24/2014,5,574
5/24/2014,6,675
5/24/2014,7,742
5/24/2014,8,745
5/24/2014,9,728
5/24/2014,10,671
5/24/2014,11,696
5/24/2014,12,607
5/24/2014,13,610
5/24/2014,14,614
5/24/2014,15,630
5/24/2014,16,572
5/24/2014,17,586
5/24/2014,18,426
5/24/2014,19,316
5/24/2014,20,160
5/24/2014,21,101
5/24/2014,22,46
5/24/2014,23,39
5/25/2014,0,52
5/25/2014,1,88
5/25/2014,2,172
5/25/2014,3,251
5/25/2014,4,407
5/25/2014,5,566
5/25/2014,6,795
5/25/2014,7,864
5/25/2014,8,712
5/25/2014,9,677
5/25/2014,10,558
5/25/2014,11,552
5/25/2014,12,523
5/25/2014,13,554
5/25/2014,14,636
5/25/2014,15,671
5/25/2014,16,674
5/25/2014,17,599
5/25/2014,18,480
5/25/2014,19,307
5/25/2014,20,137
5/25/2014,21,59
5/25/2014,22,26
5/25/2014,23,23
5/26/2014,0,46
5/26/2014,1,100
5/26/2014,2,181
5/26/2014,3,295
5/26/2014,4,492
5/26/2014,5,714
5/26/2014,6,816
5/26/2014,7,830
5/26/2014,8,832
5/26/2014,9,910
5/26/2014,10,938
5/26/2014,11,850
5/26/2014,12,796
5/26/2014,13,680
5/26/2014,14,709
5/26/2014,15,712
5/26/2014,16,805
5/26/2014,17,750
5/26/2014,18,551
5/26/2014,19,289
5/26/2014,20,148
5/26/2014,21,86
5/26/2014,22,51
5/26/2014,23,25
5/27/2014,0,67
5/27/2014,1,102
5/27/2014,2,216
5/27/2014,3,365
5/27/2014,4,587
5/27/2014,5,769
5/27/2014,6,889
5/27/2014,7,872
5/27/2014,8,811
5/27/2014,9,848
5/27/2014,10,898
5/27/2014,11,853
5/27/2014,12,740
5/27/2014,13,747
5/27/2014,14,747
5/27/2014,15,684
5/27/2014,16,781
5/27/2014,17,740
5/27/2014,18,563
5/27/2014,19,348
5/27/2014,20,173
5/27/2014,21,71
5/27/2014,22,32
5/27/2014,23,28
5/28/2014,0,53
5/28/2014,1,112
5/28/2014,2,180
5/28/2014,3,271
5/28/2014,4,446
5/28/2014,5,604
5/28/2014,6,766
5/28/2014,7,647
5/28/2014,8,759
5/28/2014,9,929
5/28/2014,10,877
5/28/2014,11,818
5/28/2014,12,691
5/28/2014,13,689
5/28/2014,14,732
5/28/2014,15,736
5/28/2014,16,752
5/28/2014,17,734
5/28/2014,18,498
5/28/2014,19,347
5/28/2014,20,188
5/28/2014,21,98
5/28/2014,22,57
5/28/2014,23,30
5/29/2014,0,61
5/29/2014,1,125
5/29/2014,2,223
5/29/2014,3,357
5/29/2014,4,601
5/29/2014,5,857
5/29/2014,6,915
5/29/2014,7,940
5/29/2014,8,873
5/29/2014,9,864
5/29/2014,10,886
5/29/2014,11,827
5/29/2014,12,768
5/29/2014,13,632
5/29/2014,14,580
5/29/2014,15,776
5/29/2014,16,789
5/29/2014,17,779
5/29/2014,18,557
5/29/2014,19,315
5/29/2014,20,166
5/29/2014,21,97
5/29/2014,22,48
5/29/2014,23,39
5/30/2014,0,44
5/30/2014,1,134
5/30/2014,2,211
5/30/2014,3,313
5/30/2014,4,495
5/30/2014,5,732
5/30/2014,6,868
5/30/2014,7,847
5/30/2014,8,791
5/30/2014,9,861
5/30/2014,10,897
5/30/2014,11,839
5/30/2014,12,764
5/30/2014,13,668
5/30/2014,14,691
5/30/2014,15,609
5/30/2014,16,644
5/30/2014,17,627
5/30/2014,18,499
5/30/2014,19,334
5/30/2014,20,209
5/30/2014,21,92
5/30/2014,22,54
5/30/2014,23,32
5/31/2014,0,54
5/31/2014,1,129
5/31/2014,2,201
5/31/2014,3,341
5/31/2014,4,499
5/31/2014,5,644
5/31/2014,6,859
5/31/2014,7,778
5/31/2014,8,771
5/31/2014,9,803
5/31/2014,10,765
5/31/2014,11,752
5/31/2014,12,705
5/31/2014,13,647
5/31/2014,14,661
5/31/2014,15,666
5/31/2014,16,649
5/31/2014,17,580
5/31/2014,18,552
5/31/2014,19,317
5/31/2014,20,219
5/31/2014,21,94
5/31/2014,22,44
5/31/2014,23,29
6/1/2014,0,36
6/1/2014,1,103
6/1/2014,2,165
6/1/2014,3,339
6/1/2014,4,440
6/1/2014,5,663
6/1/2014,6,762
6/1/2014,7,834
6/1/2014,8,759
6/1/2014,9,740
6/1/2014,10,733
6/1/2014,11,693
6/1/2014,12,691
6/1/2014,13,731
6/1/2014,14,709
6/1/2014,15,675
6/1/2014,16,673
6/1/2014,17,741
6/1/2014,18,531
6/1/2014,19,348
6/1/2014,20,197
6/1/2014,21,86
6/1/2014,22,43
6/1/2014,23,43
6/2/2014,0,55
6/2/2014,1,100
6/2/2014,2,206
6/2/2014,3,337
6/2/2014,4,450
6/2/2014,5,663
6/2/2014,6,904
6/2/2014,7,842
6/2/2014,8,840
6/2/2014,9,938
6/2/2014,10,964
6/2/2014,11,987
6/2/2014,12,847
6/2/2014,13,785
6/2/2014,14,804
6/2/2014,15,861
6/2/2014,16,814
6/2/2014,17,798
6/2/2014,18,552
6/2/2014,19,312
6/2/2014,20,153
6/2/2014,21,89
6/2/2014,22,50
6/2/2014,23,30
6/3/2014,0,44
6/3/2014,1,114
6/3/2014,2,237
6/3/2014,3,342
6/3/2014,4,509
6/3/2014,5,742
6/3/2014,6,856
6/3/2014,7,957
6/3/2014,8,918
6/3/2014,9,981
6/3/2014,10,1014
6/3/2014,11,925
6/3/2014,12,879
6/3/2014,13,836
6/3/2014,14,780
6/3/2014,15,779
6/3/2014,16,746
6/3/2014,17,781
6/3/2014,18,625
6/3/2014,19,308
6/3/2014,20,151
6/3/2014,21,78
6/3/2014,22,52
6/3/2014,23,53
6/4/2014,0,57
6/4/2014,1,109
6/4/2014,2,291
6/4/2014,3,405
6/4/2014,4,569
6/4/2014,5,769
6/4/2014,6,908
6/4/2014,7,887
6/4/2014,8,965
6/4/2014,9,994
6/4/2014,10,1010
6/4/2014,11,889
6/4/2014,12,849
6/4/2014,13,777
6/4/2014,14,854
6/4/2014,15,801
6/4/2014,16,959
6/4/2014,17,870
6/4/2014,18,664
6/4/2014,19,346
6/4/2014,20,205
6/4/2014,21,92
6/4/2014,22,71
6/4/2014,23,46
6/5/2014,0,56
6/5/2014,1,142
6/5/2014,2,260
6/5/2014,3,382
6/5/2014,4,555
6/5/2014,5,785
6/5/2014,6,959
6/5/2014,7,1006
6/5/2014,8,979
6/5/2014,9,951
6/5/2014,10,1019
6/5/2014,11,1001
6/5/2014,12,869
6/5/2014,13,740
6/5/2014,14,806
6/5/2014,15,789
6/5/2014,16,846
6/5/2014,17,829
6/5/2014,18,671
6/5/2014,19,365
6/5/2014,20,169
6/5/2014,21,95
6/5/2014,22,43
6/5/2014,23,52
6/6/2014,0,73
6/6/2014,1,130
6/6/2014,2,259
6/6/2014,3,382
6/6/2014,4,554
6/6/2014,5,821
6/6/2014,6,912
6/6/2014,7,899
6/6/2014,8,879
6/6/2014,9,908
6/6/2014,10,935
6/6/2014,11,921
6/6/2014,12,816
6/6/2014,13,722
6/6/2014,14,716
6/6/2014,15,778
6/6/2014,16,793
6/6/2014,17,733
6/6/2014,18,568
6/6/2014,19,360
6/6/2014,20,214
6/6/2014,21,86
6/6/2014,22,62
6/6/2014,23,44
6/7/2014,0,45
6/7/2014,1,99
6/7/2014,2,239
6/7/2014,3,376
6/7/2014,4,604
6/7/2014,5,733
6/7/2014,6,821
6/7/2014,7,932
6/7/2014,8,916
6/7/2014,9,803
6/7/2014,10,890
6/7/2014,11,875
6/7/2014,12,799
6/7/2014,13,770
6/7/2014,14,697
6/7/2014,15,718
6/7/2014,16,750
6/7/2014,17,689
6/7/2014,18,570
6/7/2014,19,381
6/7/2014,20,184
6/7/2014,21,103
6/7/2014,22,75
6/7/2014,23,26
6/8/2014,0,47
6/8/2014,1,111
6/8/2014,2,190
6/8/2014,3,355
6/8/2014,4,543
6/8/2014,5,657
6/8/2014,6,928
6/8/2014,7,881
6/8/2014,8,858
6/8/2014,9,788
6/8/2014,10,776
6/8/2014,11,788
6/8/2014,12,780
6/8/2014,13,705
6/8/2014,14,746
6/8/2014,15,835
6/8/2014,16,781
6/8/2014,17,802
6/8/2014,18,641
6/8/2014,19,366
6/8/2014,20,200
6/8/2014,21,108
6/8/2014,22,49
6/8/2014,23,42
6/9/2014,0,53
6/9/2014,1,108
6/9/2014,2,233
6/9/2014,3,389
6/9/2014,4,550
6/9/2014,5,843
6/9/2014,6,853
6/9/2014,7,1024
6/9/2014,8,1006
6/9/2014,9,1079
6/9/2014,10,1127
6/9/2014,11,1018
6/9/2014,12,949
6/9/2014,13,937
6/9/2014,14,858
6/9/2014,15,887
6/9/2014,16,949
6/9/2014,17,941
6/9/2014,18,677
6/9/2014,19,309
6/9/2014,20,166
6/9/2014,21,81
6/9/2014,22,54
6/9/2014,23,46
6/10/2014,0,53
6/10/2014,1,118
6/10/2014,2,253
6/10/2014,3,409
6/10/2014,4,593
6/10/2014,5,847
6/10/2014,6,939
6/10/2014,7,956
6/10/2014,8,1021
6/10/2014,9,951
6/10/2014,10,1032
6/10/2014,11,1035
6/10/2014,12,885
6/10/2014,13,832
6/10/2014,14,792
6/10/2014,15,821
6/10/2014,16,876
6/10/2014,17,912
6/10/2014,18,612
6/10/2014,19,363
6/10/2014,20,164
6/10/2014,21,115
6/10/2014,22,63
6/10/2014,23,43
6/11/2014,0,75
6/11/2014,1,120
6/11/2014,2,286
6/11/2014,3,398
6/11/2014,4,575
6/11/2014,5,783
6/11/2014,6,1011
6/11/2014,7,1123
6/11/2014,8,954
6/11/2014,9,1013
6/11/2014,10,1075
6/11/2014,11,1057
6/11/2014,12,974
6/11/2014,13,796
6/11/2014,14,837
6/11/2014,15,846
6/11/2014,16,828
6/11/2014,17,892
6/11/2014,18,661
6/11/2014,19,360
6/11/2014,20,227
6/11/2014,21,100
6/11/2014,22,58
6/11/2014,23,50
6/12/2014,0,58
6/12/2014,1,144
6/12/2014,2,286
6/12/2014,3,378
6/12/2014,4,592
6/12/2014,5,883
6/12/2014,6,953
6/12/2014,7,1010
6/12/2014,8,959
6/12/2014,9,1115
6/12/2014,10,1027
6/12/2014,11,1027
6/12/2014,12,957
6/12/2014,13,861
6/12/2014,14,805
6/12/2014,15,889
6/12/2014,16,902
6/12/2014,17,911
6/12/2014,18,625
6/12/2014,19,365
6/12/2014,20,158
6/12/2014,21,91
6/12/2014,22,39
6/12/2014,23,31
6/13/2014,0,52
6/13/2014,1,110
6/13/2014,2,164
6/13/2014,3,277
6/13/2014,4,470
6/13/2014,5,638
6/13/2014,6,798
6/13/2014,7,1024
6/13/2014,8,952
6/13/2014,9,871
6/13/2014,10,1014
6/13/2014,11,907
6/13/2014,12,876
6/13/2014,13,784
6/13/2014,14,755
6/13/2014,15,772
6/13/2014,16,774
6/13/2014,17,800
6/13/2014,18,585
6/13/2014,19,365
6/13/2014,20,199
6/13/2014,21,90
6/13/2014,22,50
6/13/2014,23,54
6/14/2014,0,47
6/14/2014,1,114
6/14/2014,2,236
6/14/2014,3,363
6/14/2014,4,552
6/14/2014,5,717
6/14/2014,6,961
6/14/2014,7,1027
6/14/2014,8,977
6/14/2014,9,906
6/14/2014,10,911
6/14/2014,11,950
6/14/2014,12,870
6/14/2014,13,727
6/14/2014,14,807
6/14/2014,15,788
6/14/2014,16,834
6/14/2014,17,854
6/14/2014,18,632
6/14/2014,19,382
6/14/2014,20,238
6/14/2014,21,149
6/14/2014,22,56
6/14/2014,23,39
6/15/2014,0,52
6/15/2014,1,87
6/15/2014,2,189
6/15/2014,3,372
6/15/2014,4,533
6/15/2014,5,705
6/15/2014,6,926
6/15/2014,7,984
6/15/2014,8,937
6/15/2014,9,822
6/15/2014,10,892
6/15/2014,11,783
6/15/2014,12,811
6/15/2014,13,836
6/15/2014,14,915
6/15/2014,15,882
6/15/2014,16,953
6/15/2014,17,904
6/15/2014,18,629
6/15/2014,19,341
6/15/2014,20,170
6/15/2014,21,89
6/15/2014,22,52
6/15/2014,23,32
6/16/2014,0,54
6/16/2014,1,114
6/16/2014,2,251
6/16/2014,3,375
6/16/2014,4,644
6/16/2014,5,905
6/16/2014,6,1058
6/16/2014,7,1079
6/16/2014,8,977
6/16/2014,9,1137
6/16/2014,10,1054
6/16/2014,11,1093
6/16/2014,12,1052
6/16/2014,13,873
6/16/2014,14,876
6/16/2014,15,900
6/16/2014,16,913
6/16/2014,17,838
6/16/2014,18,649
6/16/2014,19,401
6/16/2014,20,238
6/16/2014,21,85
6/16/2014,22,66
6/16/2014,23,31
6/17/2014,0,58
6/17/2014,1,154
6/17/2014,2,246
6/17/2014,3,389
6/17/2014,4,699
6/17/2014,5,861
6/17/2014,6,1048
6/17/2014,7,1123
6/17/2014,8,962
6/17/2014,9,1072
6/17/2014,10,1077
6/17/2014,11,1018
6/17/2014,12,943
6/17/2014,13,850
6/17/2014,14,814
6/17/2014,15,1002
6/17/2014,16,1047
6/17/2014,17,988
6/17/2014,18,727
6/17/2014,19,442
6/17/2014,20,197
6/17/2014,21,109
6/17/2014,22,63
6/17/2014,23,48
6/18/2014,0,59
6/18/2014,1,137
6/18/2014,2,267
6/18/2014,3,462
6/18/2014,4,652
6/18/2014,5,952
6/18/2014,6,1060
6/18/2014,7,1121
6/18/2014,8,975
6/18/2014,9,1107
6/18/2014,10,1048
6/18/2014,11,1047
6/18/2014,12,975
6/18/2014,13,864
6/18/2014,14,925
6/18/2014,15,916
6/18/2014,16,960
6/18/2014,17,887
6/18/2014,18,750
6/18/2014,19,397
6/18/2014,20,191
6/18/2014,21,117
6/18/2014,22,72
6/18/2014,23,37
6/19/2014,0,51
6/19/2014,1,134
6/19/2014,2,234
6/19/2014,3,390
6/19/2014,4,592
6/19/2014,5,875
6/19/2014,6,1023
6/19/2014,7,1048
6/19/2014,8,1017
6/19/2014,9,1002
6/19/2014,10,1046
6/19/2014,11,1086
6/19/2014,12,987
6/19/2014,13,884
6/19/2014,14,902
6/19/2014,15,871
6/19/2014,16,963
6/19/2014,17,901
6/19/2014,18,705
6/19/2014,19,372
6/19/2014,20,197
6/19/2014,21,108
6/19/2014,22,55
6/19/2014,23,33
6/20/2014,0,66
6/20/2014,1,141
6/20/2014,2,257
6/20/2014,3,385
6/20/2014,4,615
6/20/2014,5,739
6/20/2014,6,945
6/20/2014,7,974
6/20/2014,8,854
6/20/2014,9,857
6/20/2014,10,967
6/20/2014,11,861
6/20/2014,12,977
6/20/2014,13,818
6/20/2014,14,867
6/20/2014,15,861
6/20/2014,16,983
6/20/2014,17,850
6/20/2014,18,667
6/20/2014,19,369
6/20/2014,20,199
6/20/2014,21,119
6/20/2014,22,68
6/20/2014,23,50
6/21/2014,0,54
6/21/2014,1,113
6/21/2014,2,260
6/21/2014,3,422
6/21/2014,4,632
6/21/2014,5,927
6/21/2014,6,1062
6/21/2014,7,1101
6/21/2014,8,1052
6/21/2014,9,1000
6/21/2014,10,948
6/21/2014,11,874
6/21/2014,12,842
6/21/2014,13,859
6/21/2014,14,850
6/21/2014,15,879
6/21/2014,16,904
6/21/2014,17,772
6/21/2014,18,676
6/21/2014,19,397
6/21/2014,20,184
6/21/2014,21,109
6/21/2014,22,53
6/21/2014,23,37
6/22/2014,0,48
6/22/2014,1,116
6/22/2014,2,235
6/22/2014,3,389
6/22/2014,4,592
6/22/2014,5,917
6/22/2014,6,1089
6/22/2014,7,1003
6/22/2014,8,910
6/22/2014,9,841
6/22/2014,10,911
6/22/2014,11,848
6/22/2014,12,934
6/22/2014,13,1081
6/22/2014,14,1094
6/22/2014,15,1047
6/22/2014,16,1174
6/22/2014,17,1099
6/22/2014,18,696
6/22/2014,19,434
6/22/2014,20,221
6/22/2014,21,103
6/22/2014,22,58
6/22/2014,23,36
6/23/2014,0,60
6/23/2014,1,135
6/23/2014,2,260
6/23/2014,3,400
6/23/2014,4,657
6/23/2014,5,998
6/23/2014,6,1165
6/23/2014,7,1157
6/23/2014,8,1297
6/23/2014,9,1255
6/23/2014,10,1210
6/23/2014,11,1242
6/23/2014,12,1115
6/23/2014,13,1009
6/23/2014,14,976
6/23/2014,15,1080
6/23/2014,16,1008
6/23/2014,17,1044
6/23/2014,18,770
6/23/2014,19,376
6/23/2014,20,201
6/23/2014,21,109
6/23/2014,22,67
6/23/2014,23,49
6/24/2014,0,69
6/24/2014,1,151
6/24/2014,2,271
6/24/2014,3,403
6/24/2014,4,735
6/24/2014,5,977
6/24/2014,6,1124
6/24/2014,7,1143
6/24/2014,8,1195
6/24/2014,9,1176
6/24/2014,10,1120
6/24/2014,11,1142
6/24/2014,12,1045
6/24/2014,13,919
6/24/2014,14,951
6/24/2014,15,990
6/24/2014,16,1056
6/24/2014,17,1040
6/24/2014,18,820
6/24/2014,19,456
6/24/2014,20,227
6/24/2014,21,112
6/24/2014,22,67
6/24/2014,23,53
6/25/2014,0,81
6/25/2014,1,137
6/25/2014,2,285
6/25/2014,3,445
6/25/2014,4,719
6/25/2014,5,939
6/25/2014,6,1128
6/25/2014,7,1156
6/25/2014,8,1059
6/25/2014,9,1259
6/25/2014,10,1167
6/25/2014,11,1166
6/25/2014,12,1111
6/25/2014,13,998
6/25/2014,14,1060
6/25/2014,15,1065
6/25/2014,16,1138
6/25/2014,17,1102
6/25/2014,18,867
6/25/2014,19,517
6/25/2014,20,260
6/25/2014,21,131
6/25/2014,22,77
6/25/2014,23,50
6/26/2014,0,89
6/26/2014,1,181
6/26/2014,2,326
6/26/2014,3,517
6/26/2014,4,834
6/26/2014,5,1102
6/26/2014,6,1375
6/26/2014,7,1283
6/26/2014,8,1243
6/26/2014,9,1306
6/26/2014,10,1452
6/26/2014,11,1373
6/26/2014,12,1395
6/26/2014,13,1312
6/26/2014,14,1313
6/26/2014,15,1330
6/26/2014,16,1392
6/26/2014,17,1242
6/26/2014,18,1063
6/26/2014,19,600
6/26/2014,20,322
6/26/2014,21,169
6/26/2014,22,96
6/26/2014,23,54
6/27/2014,0,91
6/27/2014,1,183
6/27/2014,2,322
6/27/2014,3,422
6/27/2014,4,861
6/27/2014,5,1131
6/27/2014,6,1289
6/27/2014,7,1076
6/27/2014,8,1045
6/27/2014,9,1148
6/27/2014,10,1073
6/27/2014,11,1181
6/27/2014,12,1098
6/27/2014,13,1225
6/27/2014,14,1093
6/27/2014,15,1318
6/27/2014,16,1610
6/27/2014,17,1645
6/27/2014,18,1239
6/27/2014,19,722
6/27/2014,20,406
6/27/2014,21,181
6/27/2014,22,104
6/27/2014,23,69
6/28/2014,0,115
6/28/2014,1,239
6/28/2014,2,428
6/28/2014,3,698
6/28/2014,4,1063
6/28/2014,5,1680
6/28/2014,6,2009
6/28/2014,7,2153
6/28/2014,8,1849
6/28/2014,9,1773
6/28/2014,10,1761
6/28/2014,11,1698
6/28/2014,12,1417
6/28/2014,13,1149
6/28/2014,14,1450
6/28/2014,15,1533
6/28/2014,16,1699
6/28/2014,17,1702
6/28/2014,18,1222
6/28/2014,19,782
6/28/2014,20,449
6/28/2014,21,170
6/28/2014,22,103
6/28/2014,23,79
6/29/2014,0,90
6/29/2014,1,142
6/29/2014,2,367
6/29/2014,3,512
6/29/2014,4,888
6/29/2014,5,1481
6/29/2014,6,1768
6/29/2014,7,1824
6/29/2014,8,1505
6/29/2014,9,1473
6/29/2014,10,1421
6/29/2014,11,1409
6/29/2014,12,1304
6/29/2014,13,1369
6/29/2014,14,927
6/29/2014,15,1065
6/29/2014,16,1260
6/29/2014,17,1428
6/29/2014,18,1082
6/29/2014,19,595
6/29/2014,20,248
6/29/2014,21,130
6/29/2014,22,86
6/29/2014,23,51
6/30/2014,0,100
6/30/2014,1,161
6/30/2014,2,289
6/30/2014,3,515
6/30/2014,4,735
6/30/2014,5,1074
6/30/2014,6,1399
6/30/2014,7,1561
6/30/2014,8,1631
6/30/2014,9,1894
6/30/2014,10,1866
6/30/2014,11,1828
6/30/2014,12,1611
6/30/2014,13,1393
6/30/2014,14,1625
6/30/2014,15,1570
6/30/2014,16,1776
6/30/2014,17,1946
6/30/2014,18,1149
6/30/2014,19,378
6/30/2014,20,204
6/30/2014,21,82
6/30/2014,22,70
6/30/2014,23,53
7/1/2014,0,63
7/1/2014,1,128
7/1/2014,2,261
7/1/2014,3,414
7/1/2014,4,584
7/1/2014,5,815
7/1/2014,6,997
7/1/2014,7,1035
7/1/2014,8,982
7/1/2014,9,1138
7/1/2014,10,964
7/1/2014,11,993
7/1/2014,12,943
7/1/2014,13,818
7/1/2014,14,840
7/1/2014,15,948
7/1/2014,16,991
7/1/2014,17,942
7/1/2014,18,607
7/1/2014,19,395
7/1/2014,20,179
7/1/2014,21,101
7/1/2014,22,49
7/1/2014,23,30
7/2/2014,0,71
7/2/2014,1,138
7/2/2014,2,250
7/2/2014,3,389
7/2/2014,4,619
7/2/2014,5,799
7/2/2014,6,980
7/2/2014,7,1056
7/2/2014,8,1006
7/2/2014,9,1060
7/2/2014,10,1064
7/2/2014,11,1001
7/2/2014,12,941
7/2/2014,13,906
7/2/2014,14,845
7/2/2014,15,881
7/2/2014,16,909
7/2/2014,17,953
7/2/2014,18,668
7/2/2014,19,353
7/2/2014,20,194
7/2/2014,21,113
7/2/2014,22,72
7/2/2014,23,65
7/3/2014,0,72
7/3/2014,1,133
7/3/2014,2,302
7/3/2014,3,405
7/3/2014,4,602
7/3/2014,5,810
7/3/2014,6,991
7/3/2014,7,996
7/3/2014,8,950
7/3/2014,9,1028
7/3/2014,10,1082
7/3/2014,11,1084
7/3/2014,12,928
7/3/2014,13,904
7/3/2014,14,918
7/3/2014,15,870
7/3/2014,16,917
7/3/2014,17,934
7/3/2014,18,634
7/3/2014,19,394
7/3/2014,20,197
7/3/2014,21,85
7/3/2014,22,49
7/3/2014,23,54
7/4/2014,0,73
7/4/2014,1,127
7/4/2014,2,239
7/4/2014,3,390
7/4/2014,4,621
7/4/2014,5,707
7/4/2014,6,978
7/4/2014,7,927
7/4/2014,8,898
7/4/2014,9,1002
7/4/2014,10,984
7/4/2014,11,1059
7/4/2014,12,890
7/4/2014,13,769
7/4/2014,14,862
7/4/2014,15,923
7/4/2014,16,879
7/4/2014,17,896
7/4/2014,18,748
7/4/2014,19,441
7/4/2014,20,211
7/4/2014,21,121
7/4/2014,22,72
7/4/2014,23,54
7/5/2014,0,67
7/5/2014,1,121
7/5/2014,2,266
7/5/2014,3,429
7/5/2014,4,629
7/5/2014,5,930
7/5/2014,6,1052
7/5/2014,7,1119
7/5/2014,8,1071
7/5/2014,9,1133
7/5/2014,10,985
7/5/2014,11,1033
7/5/2014,12,902
7/5/2014,13,833
7/5/2014,14,861
7/5/2014,15,893
7/5/2014,16,908
7/5/2014,17,918
7/5/2014,18,634
7/5/2014,19,461
7/5/2014,20,238
7/5/2014,21,140
7/5/2014,22,68
7/5/2014,23,55
7/6/2014,0,66
7/6/2014,1,141
7/6/2014,2,224
7/6/2014,3,411
7/6/2014,4,563
7/6/2014,5,804
7/6/2014,6,946
7/6/2014,7,348
7/6/2014,8,366
7/6/2014,9,678
7/6/2014,10,1108
7/6/2014,11,965
7/6/2014,12,941
7/6/2014,13,962
7/6/2014,14,998
7/6/2014,15,1090
7/6/2014,16,1073
7/6/2014,17,1007
7/6/2014,18,688
7/6/2014,19,397
7/6/2014,20,228
7/6/2014,21,103
7/6/2014,22,50
7/6/2014,23,44
7/7/2014,0,67
7/7/2014,1,127
7/7/2014,2,258
7/7/2014,3,343
7/7/2014,4,612
7/7/2014,5,893
7/7/2014,6,1087
7/7/2014,7,1081
7/7/2014,8,1035
7/7/2014,9,1180
7/7/2014,10,1213
7/7/2014,11,1125
7/7/2014,12,1043
7/7/2014,13,965
7/7/2014,14,955
7/7/2014,15,1012
7/7/2014,16,1027
7/7/2014,17,1109
7/7/2014,18,831
7/7/2014,19,465
7/7/2014,20,224
7/7/2014,21,132
7/7/2014,22,75
7/7/2014,23,74
7/8/2014,0,70
7/8/2014,1,140
7/8/2014,2,324
7/8/2014,3,465
7/8/2014,4,733
7/8/2014,5,1023
7/8/2014,6,1182
7/8/2014,7,1138
7/8/2014,8,1113
7/8/2014,9,1211
7/8/2014,10,1190
7/8/2014,11,1141
7/8/2014,12,1039
7/8/2014,13,940
7/8/2014,14,977
7/8/2014,15,949
7/8/2014,16,1047
7/8/2014,17,1069
7/8/2014,18,740
7/8/2014,19,419
7/8/2014,20,181
7/8/2014,21,116
7/8/2014,22,74
7/8/2014,23,74
7/9/2014,0,70
7/9/2014,1,152
7/9/2014,2,275
7/9/2014,3,410
7/9/2014,4,627
7/9/2014,5,835
7/9/2014,6,1002
7/9/2014,7,906
7/9/2014,8,874
7/9/2014,9,938
7/9/2014,10,1005
7/9/2014,11,1009
7/9/2014,12,926
7/9/2014,13,853
7/9/2014,14,769
7/9/2014,15,873
7/9/2014,16,876
7/9/2014,17,896
7/9/2014,18,689
7/9/2014,19,365
7/9/2014,20,201
7/9/2014,21,117
7/9/2014,22,73
7/9/2014,23,74
7/10/2014,0,77
7/10/2014,1,101
7/10/2014,2,217
7/10/2014,3,373
7/10/2014,4,518
7/10/2014,5,572
7/10/2014,6,885
7/10/2014,7,894
7/10/2014,8,865
7/10/2014,9,977
7/10/2014,10,1017
7/10/2014,11,1041
7/10/2014,12,907
7/10/2014,13,816
7/10/2014,14,787
7/10/2014,15,861
7/10/2014,16,859
7/10/2014,17,897
7/10/2014,18,659
7/10/2014,19,380
7/10/2014,20,214
7/10/2014,21,109
7/10/2014,22,64
7/10/2014,23,65
7/11/2014,0,83
7/11/2014,1,150
7/11/2014,2,254
7/11/2014,3,351
7/11/2014,4,588
7/11/2014,5,815
7/11/2014,6,1035
7/11/2014,7,1040
7/11/2014,8,917
7/11/2014,9,958
7/11/2014,10,960
7/11/2014,11,1053
7/11/2014,12,880
7/11/2014,13,815
7/11/2014,14,757
7/11/2014,15,801
7/11/2014,16,862
7/11/2014,17,877
7/11/2014,18,580
7/11/2014,19,358
7/11/2014,20,204
7/11/2014,21,114
7/11/2014,22,66
7/11/2014,23,55
7/12/2014,0,77
7/12/2014,1,109
7/12/2014,2,232
7/12/2014,3,350
7/12/2014,4,555
7/12/2014,5,748
7/12/2014,6,949
7/12/2014,7,1025
7/12/2014,8,964
7/12/2014,9,951
7/12/2014,10,950
7/12/2014,11,902
7/12/2014,12,818
7/12/2014,13,756
7/12/2014,14,820
7/12/2014,15,721
7/12/2014,16,710
7/12/2014,17,654
7/12/2014,18,602
7/12/2014,19,409
7/12/2014,20,201
7/12/2014,21,157
7/12/2014,22,64
7/12/2014,23,41
7/13/2014,0,49
7/13/2014,1,88
7/13/2014,2,180
7/13/2014,3,315
7/13/2014,4,521
7/13/2014,5,713
7/13/2014,6,971
7/13/2014,7,947
7/13/2014,8,844
7/13/2014,9,857
7/13/2014,10,829
7/13/2014,11,769
7/13/2014,12,845
7/13/2014,13,931
7/13/2014,14,1171
7/13/2014,15,1311
7/13/2014,16,1220
7/13/2014,17,1149
7/13/2014,18,741
7/13/2014,19,402
7/13/2014,20,198
7/13/2014,21,108
7/13/2014,22,108
7/13/2014,23,60
7/14/2014,0,65
7/14/2014,1,130
7/14/2014,2,235
7/14/2014,3,382
7/14/2014,4,602
7/14/2014,5,882
7/14/2014,6,1144
7/14/2014,7,1169
7/14/2014,8,1111
7/14/2014,9,1245
7/14/2014,10,1264
7/14/2014,11,1265
7/14/2014,12,1091
7/14/2014,13,1018
7/14/2014,14,1100
7/14/2014,15,1085
7/14/2014,16,1186
7/14/2014,17,1107
7/14/2014,18,748
7/14/2014,19,435
7/14/2014,20,245
7/14/2014,21,135
7/14/2014,22,71
7/14/2014,23,62
7/15/2014,0,73
7/15/2014,1,148
7/15/2014,2,266
7/15/2014,3,406
7/15/2014,4,655
7/15/2014,5,943
7/15/2014,6,1044
7/15/2014,7,1051
7/15/2014,8,1000
7/15/2014,9,1057
7/15/2014,10,1103
7/15/2014,11,1151
7/15/2014,12,997
7/15/2014,13,899
7/15/2014,14,1005
7/15/2014,15,1059
7/15/2014,16,1126
7/15/2014,17,1088
7/15/2014,18,765
7/15/2014,19,444
7/15/2014,20,235
7/15/2014,21,122
7/15/2014,22,53
7/15/2014,23,49
7/16/2014,0,87
7/16/2014,1,115
7/16/2014,2,234
7/16/2014,3,408
7/16/2014,4,680
7/16/2014,5,829
7/16/2014,6,989
7/16/2014,7,963
7/16/2014,8,1055
7/16/2014,9,1155
7/16/2014,10,1087
7/16/2014,11,1039
7/16/2014,12,964
7/16/2014,13,873
7/16/2014,14,954
7/16/2014,15,985
7/16/2014,16,1066
7/16/2014,17,1082
7/16/2014,18,910
7/16/2014,19,517
7/16/2014,20,301
7/16/2014,21,129
7/16/2014,22,85
7/16/2014,23,75
7/17/2014,0,72
7/17/2014,1,156
7/17/2014,2,329
7/17/2014,3,472
7/17/2014,4,727
7/17/2014,5,1047
7/17/2014,6,1172
7/17/2014,7,1125
7/17/2014,8,1179
7/17/2014,9,1172
7/17/2014,10,1239
7/17/2014,11,1216
7/17/2014,12,1106
7/17/2014,13,962
7/17/2014,14,1022
7/17/2014,15,972
7/17/2014,16,968
7/17/2014,17,1059
7/17/2014,18,832
7/17/2014,19,479
7/17/2014,20,238
7/17/2014,21,131
7/17/2014,22,92
7/17/2014,23,92
7/18/2014,0,92
7/18/2014,1,120
7/18/2014,2,291
7/18/2014,3,433
7/18/2014,4,896
7/18/2014,5,1185
7/18/2014,6,783
7/18/2014,7,231
7/18/2014,8,230
7/18/2014,9,1075
7/18/2014,10,1081
7/18/2014,11,1139
7/18/2014,12,1491
7/18/2014,13,1336
7/18/2014,14,1220
7/18/2014,15,1261
7/18/2014,16,1283
7/18/2014,17,1266
7/18/2014,18,948
7/18/2014,19,585
7/18/2014,20,303
7/18/2014,21,193
7/18/2014,22,94
7/18/2014,23,85
7/19/2014,0,92
7/19/2014,1,151
7/19/2014,2,315
7/19/2014,3,491
7/19/2014,4,742
7/19/2014,5,1092
7/19/2014,6,1286
7/19/2014,7,1364
7/19/2014,8,1270
7/19/2014,9,1227
7/19/2014,10,1257
7/19/2014,11,1124
7/19/2014,12,1134
7/19/2014,13,1068
7/19/2014,14,1099
7/19/2014,15,1086
7/19/2014,16,1027
7/19/2014,17,1056
7/19/2014,18,756
7/19/2014,19,484
7/19/2014,20,273
7/19/2014,21,133
7/19/2014,22,62
7/19/2014,23,63
7/20/2014,0,61
7/20/2014,1,116
7/20/2014,2,232
7/20/2014,3,391
7/20/2014,4,608
7/20/2014,5,890
7/20/2014,6,1086
7/20/2014,7,1190
7/20/2014,8,1070
7/20/2014,9,1006
7/20/2014,10,981
7/20/2014,11,916
7/20/2014,12,945
7/20/2014,13,935
7/20/2014,14,1053
7/20/2014,15,1056
7/20/2014,16,1087
7/20/2014,17,1037
7/20/2014,18,814
7/20/2014,19,354
7/20/2014,20,160
7/20/2014,21,78
7/20/2014,22,48
7/20/2014,23,43
7/21/2014,0,53
7/21/2014,1,102
7/21/2014,2,201
7/21/2014,3,368
7/21/2014,4,562
7/21/2014,5,793
7/21/2014,6,1013
7/21/2014,7,1124
7/21/2014,8,1047
7/21/2014,9,1154
7/21/2014,10,1194
7/21/2014,11,1027
7/21/2014,12,956
7/21/2014,13,914
7/21/2014,14,966
7/21/2014,15,1001
7/21/2014,16,1211
7/21/2014,17,1148
7/21/2014,18,866
7/21/2014,19,490
7/21/2014,20,236
7/21/2014,21,111
7/21/2014,22,82
7/21/2014,23,70
7/22/2014,0,79
7/22/2014,1,156
7/22/2014,2,324
7/22/2014,3,481
7/22/2014,4,743
7/22/2014,5,898
7/22/2014,6,1034
7/22/2014,7,1146
7/22/2014,8,1129
7/22/2014,9,1116
7/22/2014,10,1148
7/22/2014,11,1016
7/22/2014,12,1042
7/22/2014,13,1000
7/22/2014,14,1043
7/22/2014,15,1079
7/22/2014,16,1105
7/22/2014,17,1139
7/22/2014,18,873
7/22/2014,19,390
7/22/2014,20,222
7/22/2014,21,108
7/22/2014,22,76
7/22/2014,23,70
7/23/2014,0,87
7/23/2014,1,165
7/23/2014,2,231
7/23/2014,3,449
7/23/2014,4,637
7/23/2014,5,889
7/23/2014,6,1079
7/23/2014,7,1048
7/23/2014,8,1011
7/23/2014,9,1074
7/23/2014,10,1076
7/23/2014,11,1155
7/23/2014,12,1050
7/23/2014,13,927
7/23/2014,14,994
7/23/2014,15,1033
7/23/2014,16,1007
7/23/2014,17,1137
7/23/2014,18,858
7/23/2014,19,457
7/23/2014,20,238
7/23/2014,21,98
7/23/2014,22,83
7/23/2014,23,87
7/24/2014,0,86
7/24/2014,1,158
7/24/2014,2,289
7/24/2014,3,409
7/24/2014,4,636
7/24/2014,5,914
7/24/2014,6,1103
7/24/2014,7,1068
7/24/2014,8,993
7/24/2014,9,1063
7/24/2014,10,1054
7/24/2014,11,1048
7/24/2014,12,923
7/24/2014,13,883
7/24/2014,14,972
7/24/2014,15,982
7/24/2014,16,1034
7/24/2014,17,989
7/24/2014,18,764
7/24/2014,19,423
7/24/2014,20,185
7/24/2014,21,135
7/24/2014,22,67
7/24/2014,23,56
7/25/2014,0,99
7/25/2014,1,147
7/25/2014,2,289
7/25/2014,3,391
7/25/2014,4,545
7/25/2014,5,750
7/25/2014,6,858
7/25/2014,7,870
7/25/2014,8,811
7/25/2014,9,890
7/25/2014,10,859
7/25/2014,11,967
7/25/2014,12,860
7/25/2014,13,814
7/25/2014,14,844
7/25/2014,15,776
7/25/2014,16,870
7/25/2014,17,817
7/25/2014,18,628
7/25/2014,19,404
7/25/2014,20,237
7/25/2014,21,120
7/25/2014,22,72
7/25/2014,23,45
7/26/2014,0,62
7/26/2014,1,117
7/26/2014,2,256
7/26/2014,3,391
7/26/2014,4,752
7/26/2014,5,944
7/26/2014,6,1126
7/26/2014,7,1079
7/26/2014,8,1065
7/26/2014,9,896
7/26/2014,10,960
7/26/2014,11,887
7/26/2014,12,894
7/26/2014,13,785
7/26/2014,14,844
7/26/2014,15,898
7/26/2014,16,851
7/26/2014,17,820
7/26/2014,18,678
7/26/2014,19,371
7/26/2014,20,237
7/26/2014,21,120
7/26/2014,22,61
7/26/2014,23,60
7/27/2014,0,46
7/27/2014,1,107
7/27/2014,2,210
7/27/2014,3,363
7/27/2014,4,561
7/27/2014,5,762
7/27/2014,6,888
7/27/2014,7,1064
7/27/2014,8,918
7/27/2014,9,840
7/27/2014,10,838
7/27/2014,11,870
7/27/2014,12,801
7/27/2014,13,903
7/27/2014,14,960
7/27/2014,15,966
7/27/2014,16,944
7/27/2014,17,919
7/27/2014,18,683
7/27/2014,19,350
7/27/2014,20,191
7/27/2014,21,116
7/27/2014,22,55
7/27/2014,23,41
7/28/2014,0,55
7/28/2014,1,134
7/28/2014,2,191
7/28/2014,3,329
7/28/2014,4,613
7/28/2014,5,812
7/28/2014,6,979
7/28/2014,7,1076
7/28/2014,8,992
7/28/2014,9,1103
7/28/2014,10,1141
7/28/2014,11,1050
7/28/2014,12,875
7/28/2014,13,849
7/28/2014,14,872
7/28/2014,15,825
7/28/2014,16,1037
7/28/2014,17,941
7/28/2014,18,732
7/28/2014,19,436
7/28/2014,20,261
7/28/2014,21,108
7/28/2014,22,63
7/28/2014,23,44
7/29/2014,0,56
7/29/2014,1,155
7/29/2014,2,251
7/29/2014,3,501
7/29/2014,4,735
7/29/2014,5,935
7/29/2014,6,1181
7/29/2014,7,1265
7/29/2014,8,1177
7/29/2014,9,1139
7/29/2014,10,1147
7/29/2014,11,1041
7/29/2014,12,1025
7/29/2014,13,1008
7/29/2014,14,1014
7/29/2014,15,1006
7/29/2014,16,1079
7/29/2014,17,950
7/29/2014,18,740
7/29/2014,19,414
7/29/2014,20,194
7/29/2014,21,121
7/29/2014,22,73
7/29/2014,23,48
7/30/2014,0,63
7/30/2014,1,125
7/30/2014,2,247
7/30/2014,3,406
7/30/2014,4,610
7/30/2014,5,850
7/30/2014,6,987
7/30/2014,7,1046
7/30/2014,8,999
7/30/2014,9,1055
7/30/2014,10,1137
7/30/2014,11,1067
7/30/2014,12,951
7/30/2014,13,935
7/30/2014,14,921
7/30/2014,15,951
7/30/2014,16,1103
7/30/2014,17,1156
7/30/2014,18,839
7/30/2014,19,447
7/30/2014,20,243
7/30/2014,21,141
7/30/2014,22,74
7/30/2014,23,42
7/31/2014,0,63
7/31/2014,1,148
7/31/2014,2,284
7/31/2014,3,406
7/31/2014,4,612
7/31/2014,5,900
7/31/2014,6,1063
7/31/2014,7,1043
7/31/2014,8,1082
7/31/2014,9,1176
7/31/2014,10,1239
7/31/2014,11,1020
7/31/2014,12,1040
7/31/2014,13,1009
7/31/2014,14,1050
7/31/2014,15,1171
7/31/2014,16,1155
7/31/2014,17,1125
7/31/2014,18,899
7/31/2014,19,502
7/31/2014,20,268
7/31/2014,21,100
7/31/2014,22,53
7/31/2014,23,52
8/1/2014,0,86
8/1/2014,1,132
8/1/2014,2,256
8/1/2014,3,393
8/1/2014,4,649
8/1/2014,5,877
8/1/2014,6,1037
8/1/2014,7,1027
8/1/2014,8,984
8/1/2014,9,1057
8/1/2014,10,1023
8/1/2014,11,1058
8/1/2014,12,936
8/1/2014,13,871
8/1/2014,14,903
8/1/2014,15,924
8/1/2014,16,1053
8/1/2014,17,1056
8/1/2014,18,854
8/1/2014,19,533
8/1/2014,20,329
8/1/2014,21,199
8/1/2014,22,118
8/1/2014,23,95
8/2/2014,0,82
8/2/2014,1,191
8/2/2014,2,371
8/2/2014,3,534
8/2/2014,4,784
8/2/2014,5,1107
8/2/2014,6,1356
8/2/2014,7,1355
8/2/2014,8,1372
8/2/2014,9,1315
8/2/2014,10,1310
8/2/2014,11,1261
8/2/2014,12,1308
8/2/2014,13,1177
8/2/2014,14,1152
8/2/2014,15,1164
8/2/2014,16,1227
8/2/2014,17,1214
8/2/2014,18,1040
8/2/2014,19,634
8/2/2014,20,325
8/2/2014,21,177
8/2/2014,22,81
8/2/2014,23,85
8/3/2014,0,70
8/3/2014,1,137
8/3/2014,2,243
8/3/2014,3,422
8/3/2014,4,749
8/3/2014,5,1002
8/3/2014,6,1188
8/3/2014,7,1274
8/3/2014,8,1163
8/3/2014,9,1135
8/3/2014,10,1074
8/3/2014,11,1047
8/3/2014,12,1094
8/3/2014,13,1176
8/3/2014,14,1202
8/3/2014,15,1096
8/3/2014,16,1108
8/3/2014,17,1061
8/3/2014,18,938
8/3/2014,19,526
8/3/2014,20,254
8/3/2014,21,125
8/3/2014,22,73
8/3/2014,23,41
8/4/2014,0,64
8/4/2014,1,186
8/4/2014,2,263
8/4/2014,3,432
8/4/2014,4,678
8/4/2014,5,982
8/4/2014,6,1276
8/4/2014,7,1297
8/4/2014,8,1218
8/4/2014,9,1338
8/4/2014,10,1321
8/4/2014,11,1224
8/4/2014,12,1211
8/4/2014,13,1130
8/4/2014,14,1054
8/4/2014,15,1299
8/4/2014,16,1326
8/4/2014,17,1313
8/4/2014,18,1039
8/4/2014,19,583
8/4/2014,20,315
8/4/2014,21,156
8/4/2014,22,79
8/4/2014,23,79
8/5/2014,0,75
8/5/2014,1,164
8/5/2014,2,292
8/5/2014,3,486
8/5/2014,4,787
8/5/2014,5,1102
8/5/2014,6,1315
8/5/2014,7,1274
8/5/2014,8,1268
8/5/2014,9,1406
8/5/2014,10,1416
8/5/2014,11,1426
8/5/2014,12,1281
8/5/2014,13,1197
8/5/2014,14,1221
8/5/2014,15,1244
8/5/2014,16,1312
8/5/2014,17,1367
8/5/2014,18,1021
8/5/2014,19,585
8/5/2014,20,260
8/5/2014,21,151
8/5/2014,22,86
8/5/2014,23,54
8/6/2014,0,82
8/6/2014,1,202
8/6/2014,2,347
8/6/2014,3,490
8/6/2014,4,713
8/6/2014,5,1017
8/6/2014,6,1211
8/6/2014,7,1252
8/6/2014,8,1196
8/6/2014,9,1296
8/6/2014,10,1271
8/6/2014,11,1281
8/6/2014,12,1174
8/6/2014,13,1206
8/6/2014,14,1169
8/6/2014,15,1259
8/6/2014,16,1238
8/6/2014,17,1230
8/6/2014,18,854
8/6/2014,19,545
8/6/2014,20,274
8/6/2014,21,128
8/6/2014,22,87
8/6/2014,23,58
8/7/2014,0,83
8/7/2014,1,168
8/7/2014,2,282
8/7/2014,3,508
8/7/2014,4,739
8/7/2014,5,941
8/7/2014,6,1172
8/7/2014,7,1215
8/7/2014,8,1185
8/7/2014,9,1177
8/7/2014,10,1207
8/7/2014,11,1140
8/7/2014,12,1018
8/7/2014,13,1119
8/7/2014,14,974
8/7/2014,15,1102
8/7/2014,16,1083
8/7/2014,17,1083
8/7/2014,18,766
8/7/2014,19,446
8/7/2014,20,261
8/7/2014,21,132
8/7/2014,22,73
8/7/2014,23,62
8/8/2014,0,71
8/8/2014,1,147
8/8/2014,2,303
8/8/2014,3,467
8/8/2014,4,695
8/8/2014,5,838
8/8/2014,6,1114
8/8/2014,7,1089
8/8/2014,8,961
8/8/2014,9,1169
8/8/2014,10,1181
8/8/2014,11,1120
8/8/2014,12,1103
8/8/2014,13,1069
8/8/2014,14,954
8/8/2014,15,1074
8/8/2014,16,1069
8/8/2014,17,1069
8/8/2014,18,830
8/8/2014,19,392
8/8/2014,20,243
8/8/2014,21,131
8/8/2014,22,68
8/8/2014,23,43
8/9/2014,0,64
8/9/2014,1,138
8/9/2014,2,258
8/9/2014,3,412
8/9/2014,4,587
8/9/2014,5,905
8/9/2014,6,1134
8/9/2014,7,1259
8/9/2014,8,1055
8/9/2014,9,956
8/9/2014,10,1082
8/9/2014,11,956
8/9/2014,12,931
8/9/2014,13,857
8/9/2014,14,905
8/9/2014,15,909
8/9/2014,16,1023
8/9/2014,17,931
8/9/2014,18,659
8/9/2014,19,411
8/9/2014,20,224
8/9/2014,21,113
8/9/2014,22,71
8/9/2014,23,46
8/10/2014,0,53
8/10/2014,1,120
8/10/2014,2,221
8/10/2014,3,413
8/10/2014,4,553
8/10/2014,5,768
8/10/2014,6,956
8/10/2014,7,1015
8/10/2014,8,863
8/10/2014,9,775
8/10/2014,10,848
8/10/2014,11,870
8/10/2014,12,841
8/10/2014,13,894
8/10/2014,14,1009
8/10/2014,15,1026
8/10/2014,16,1046
8/10/2014,17,946
8/10/2014,18,731
8/10/2014,19,388
8/10/2014,20,186
8/10/2014,21,84
8/10/2014,22,46
8/10/2014,23,33
8/11/2014,0,50
8/11/2014,1,112
8/11/2014,2,194
8/11/2014,3,363
8/11/2014,4,619
8/11/2014,5,924
8/11/2014,6,1080
8/11/2014,7,1064
8/11/2014,8,1011
8/11/2014,9,1115
8/11/2014,10,1112
8/11/2014,11,1201
8/11/2014,12,1174
8/11/2014,13,1003
8/11/2014,14,1037
8/11/2014,15,1093
8/11/2014,16,1150
8/11/2014,17,1117
8/11/2014,18,782
8/11/2014,19,439
8/11/2014,20,182
8/11/2014,21,106
8/11/2014,22,54
8/11/2014,23,54
8/12/2014,0,64
8/12/2014,1,167
8/12/2014,2,270
8/12/2014,3,446
8/12/2014,4,631
8/12/2014,5,858
8/12/2014,6,947
8/12/2014,7,1147
8/12/2014,8,360
8/12/2014,9,877
8/12/2014,10,1293
8/12/2014,11,1062
8/12/2014,12,1141
8/12/2014,13,1011
8/12/2014,14,1138
8/12/2014,15,1070
8/12/2014,16,1217
8/12/2014,17,1146
8/12/2014,18,819
8/12/2014,19,471
8/12/2014,20,234
8/12/2014,21,129
8/12/2014,22,52
8/12/2014,23,44
8/13/2014,0,69
8/13/2014,1,141
8/13/2014,2,274
8/13/2014,3,385
8/13/2014,4,506
8/13/2014,5,873
8/13/2014,6,1074
8/13/2014,7,1111
8/13/2014,8,1081
8/13/2014,9,1103
8/13/2014,10,1201
8/13/2014,11,1089
8/13/2014,12,1146
8/13/2014,13,1023
8/13/2014,14,1022
8/13/2014,15,1086
8/13/2014,16,1098
8/13/2014,17,972
8/13/2014,18,729
8/13/2014,19,393
8/13/2014,20,115
8/13/2014,21,70
8/13/2014,22,34
8/13/2014,23,32
8/14/2014,0,87
8/14/2014,1,141
8/14/2014,2,266
8/14/2014,3,416
8/14/2014,4,679
8/14/2014,5,880
8/14/2014,6,1142
8/14/2014,7,1151
8/14/2014,8,1075
8/14/2014,9,1129
8/14/2014,10,1196
8/14/2014,11,1060
8/14/2014,12,1012
8/14/2014,13,864
8/14/2014,14,846
8/14/2014,15,808
8/14/2014,16,853
8/14/2014,17,871
8/14/2014,18,698
8/14/2014,19,403
8/14/2014,20,203
8/14/2014,21,97
8/14/2014,22,52
8/14/2014,23,53
8/15/2014,0,53
8/15/2014,1,107
8/15/2014,2,254
8/15/2014,3,355
8/15/2014,4,580
8/15/2014,5,681
8/15/2014,6,875
8/15/2014,7,965
8/15/2014,8,828
8/15/2014,9,626
8/15/2014,10,1003
8/15/2014,11,898
8/15/2014,12,805
8/15/2014,13,802
8/15/2014,14,896
8/15/2014,15,843
8/15/2014,16,894
8/15/2014,17,804
8/15/2014,18,720
8/15/2014,19,437
8/15/2014,20,204
8/15/2014,21,117
8/15/2014,22,56
8/15/2014,23,47
8/16/2014,0,46
8/16/2014,1,103
8/16/2014,2,244
8/16/2014,3,391
8/16/2014,4,526
8/16/2014,5,821
8/16/2014,6,993
8/16/2014,7,1084
8/16/2014,8,1018
8/16/2014,9,1080
8/16/2014,10,935
8/16/2014,11,1003
8/16/2014,12,904
8/16/2014,13,922
8/16/2014,14,939
8/16/2014,15,1031
8/16/2014,16,939
8/16/2014,17,948
8/16/2014,18,653
8/16/2014,19,401
8/16/2014,20,199
8/16/2014,21,92
8/16/2014,22,45
8/16/2014,23,31
8/17/2014,0,49
8/17/2014,1,104
8/17/2014,2,233
8/17/2014,3,393
8/17/2014,4,573
8/17/2014,5,777
8/17/2014,6,930
8/17/2014,7,1044
8/17/2014,8,908
8/17/2014,9,870
8/17/2014,10,884
8/17/2014,11,811
8/17/2014,12,898
8/17/2014,13,829
8/17/2014,14,945
8/17/2014,15,973
8/17/2014,16,957
8/17/2014,17,895
8/17/2014,18,670
8/17/2014,19,425
8/17/2014,20,205
8/17/2014,21,105
8/17/2014,22,43
8/17/2014,23,36
8/18/2014,0,56
8/18/2014,1,82
8/18/2014,2,214
8/18/2014,3,327
8/18/2014,4,645
8/18/2014,5,828
8/18/2014,6,917
8/18/2014,7,1087
8/18/2014,8,1058
8/18/2014,9,1152
8/18/2014,10,1201
8/18/2014,11,953
8/18/2014,12,1112
8/18/2014,13,995
8/18/2014,14,972
8/18/2014,15,984
8/18/2014,16,1076
8/18/2014,17,1049
8/18/2014,18,774
8/18/2014,19,384
8/18/2014,20,210
8/18/2014,21,109
8/18/2014,22,69
8/18/2014,23,51
8/19/2014,0,61
8/19/2014,1,127
8/19/2014,2,263
8/19/2014,3,420
8/19/2014,4,608
8/19/2014,5,830
8/19/2014,6,1086
8/19/2014,7,1117
8/19/2014,8,1103
8/19/2014,9,1151
8/19/2014,10,1200
8/19/2014,11,1079
8/19/2014,12,1000
8/19/2014,13,965
8/19/2014,14,1048
8/19/2014,15,1035
8/19/2014,16,1149
8/19/2014,17,1109
8/19/2014,18,965
8/19/2014,19,461
8/19/2014,20,220
8/19/2014,21,105
8/19/2014,22,74
8/19/2014,23,44
8/20/2014,0,60
8/20/2014,1,142
8/20/2014,2,296
8/20/2014,3,399
8/20/2014,4,685
8/20/2014,5,931
8/20/2014,6,1120
8/20/2014,7,1128
8/20/2014,8,1076
8/20/2014,9,1057
8/20/2014,10,1148
8/20/2014,11,1154
8/20/2014,12,1082
8/20/2014,13,1036
8/20/2014,14,917
8/20/2014,15,1036
8/20/2014,16,1075
8/20/2014,17,1041
8/20/2014,18,829
8/20/2014,19,422
8/20/2014,20,254
8/20/2014,21,100
8/20/2014,22,57
8/20/2014,23,32
8/21/2014,0,54
8/21/2014,1,106
8/21/2014,2,197
8/21/2014,3,357
8/21/2014,4,564
8/21/2014,5,784
8/21/2014,6,944
8/21/2014,7,1056
8/21/2014,8,913
8/21/2014,9,972
8/21/2014,10,1000
8/21/2014,11,965
8/21/2014,12,890
8/21/2014,13,833
8/21/2014,14,852
8/21/2014,15,927
8/21/2014,16,1015
8/21/2014,17,1061
8/21/2014,18,777
8/21/2014,19,428
8/21/2014,20,220
8/21/2014,21,121
8/21/2014,22,62
8/21/2014,23,52
8/22/2014,0,55
8/22/2014,1,138
8/22/2014,2,275
8/22/2014,3,377
8/22/2014,4,606
8/22/2014,5,373
8/22/2014,6,1105
8/22/2014,7,1102
8/22/2014,8,1005
8/22/2014,9,1089
8/22/2014,10,1012
8/22/2014,11,1044
8/22/2014,12,1004
8/22/2014,13,913
8/22/2014,14,1006
8/22/2014,15,999
8/22/2014,16,1085
8/22/2014,17,988
8/22/2014,18,726
8/22/2014,19,439
8/22/2014,20,208
8/22/2014,21,122
8/22/2014,22,84
8/22/2014,23,44
8/23/2014,0,70
8/23/2014,1,138
8/23/2014,2,250
8/23/2014,3,408
8/23/2014,4,624
8/23/2014,5,963
8/23/2014,6,1105
8/23/2014,7,1260
8/23/2014,8,1182
8/23/2014,9,1115
8/23/2014,10,1206
8/23/2014,11,1126
8/23/2014,12,1054
8/23/2014,13,990
8/23/2014,14,968
8/23/2014,15,1016
8/23/2014,16,955
8/23/2014,17,1025
8/23/2014,18,693
8/23/2014,19,385
8/23/2014,20,206
8/23/2014,21,111
8/23/2014,22,54
8/23/2014,23,47
8/24/2014,0,44
8/24/2014,1,96
8/24/2014,2,235
8/24/2014,3,367
8/24/2014,4,666
8/24/2014,5,855
8/24/2014,6,1022
8/24/2014,7,1124
8/24/2014,8,1026
8/24/2014,9,1047
8/24/2014,10,903
8/24/2014,11,935
8/24/2014,12,883
8/24/2014,13,886
8/24/2014,14,1008
8/24/2014,15,989
8/24/2014,16,1020
8/24/2014,17,1026
8/24/2014,18,726
8/24/2014,19,435
8/24/2014,20,188
8/24/2014,21,96
8/24/2014,22,51
8/24/2014,23,40
8/25/2014,0,54
8/25/2014,1,141
8/25/2014,2,247
8/25/2014,3,408
8/25/2014,4,725
8/25/2014,5,920
8/25/2014,6,1092
8/25/2014,7,1104
8/25/2014,8,1146
8/25/2014,9,1143
8/25/2014,10,1202
8/25/2014,11,1130
8/25/2014,12,1147
8/25/2014,13,1012
8/25/2014,14,1093
8/25/2014,15,1159
8/25/2014,16,1288
8/25/2014,17,1131
8/25/2014,18,851
8/25/2014,19,450
8/25/2014,20,208
8/25/2014,21,119
8/25/2014,22,65
8/25/2014,23,50
8/26/2014,0,65
8/26/2014,1,169
8/26/2014,2,297
8/26/2014,3,458
8/26/2014,4,712
8/26/2014,5,988
8/26/2014,6,1130
8/26/2014,7,1144
8/26/2014,8,1109
8/26/2014,9,1237
8/26/2014,10,1176
8/26/2014,11,1179
8/26/2014,12,1202
8/26/2014,13,1037
8/26/2014,14,1232
8/26/2014,15,1181
8/26/2014,16,1385
8/26/2014,17,1268
8/26/2014,18,834
8/26/2014,19,498
8/26/2014,20,254
8/26/2014,21,135
8/26/2014,22,81
8/26/2014,23,45
8/27/2014,0,88
8/27/2014,1,167
8/27/2014,2,291
8/27/2014,3,490
8/27/2014,4,781
8/27/2014,5,1093
8/27/2014,6,1120
8/27/2014,7,1147
8/27/2014,8,1080
8/27/2014,9,1177
8/27/2014,10,1221
8/27/2014,11,1199
8/27/2014,12,2723
8/27/2014,13,2786
8/27/2014,14,2987
8/27/2014,15,3105
8/27/2014,16,3407
8/27/2014,17,3209
8/27/2014,18,2364
8/27/2014,19,1525
8/27/2014,20,782
8/27/2014,21,450
8/27/2014,22,216
8/27/2014,23,152
8/28/2014,0,253
8/28/2014,1,451
8/28/2014,2,789
8/28/2014,3,1384
8/28/2014,4,2082
8/28/2014,5,2782
8/28/2014,6,3296
8/28/2014,7,3242
8/28/2014,8,2541
8/28/2014,9,2702
8/28/2014,10,3353
8/28/2014,11,3411
8/28/2014,12,2889
8/28/2014,13,2868
8/28/2014,14,2814
8/28/2014,15,3038
8/28/2014,16,3180
8/28/2014,17,3259
8/28/2014,18,2458
8/28/2014,19,1278
8/28/2014,20,642
8/28/2014,21,445
8/28/2014,22,230
8/28/2014,23,193
8/29/2014,0,155
8/29/2014,1,178
8/29/2014,2,687
8/29/2014,3,1007
8/29/2014,4,1624
8/29/2014,5,2050
8/29/2014,6,2858
8/29/2014,7,3110
8/29/2014,8,2543
8/29/2014,9,2587
8/29/2014,10,2809
8/29/2014,11,2903
8/29/2014,12,2746
8/29/2014,13,2712
8/29/2014,14,2704
8/29/2014,15,2758
8/29/2014,16,2938
8/29/2014,17,2653
8/29/2014,18,2207
8/29/2014,19,1298
8/29/2014,20,714
8/29/2014,21,452
8/29/2014,22,239
8/29/2014,23,162
8/30/2014,0,174
8/30/2014,1,367
8/30/2014,2,788
8/30/2014,3,1185
8/30/2014,4,1831
8/30/2014,5,2599
8/30/2014,6,3027
8/30/2014,7,2973
8/30/2014,8,2523
8/30/2014,9,2659
8/30/2014,10,2972
8/30/2014,11,2865
8/30/2014,12,2667
8/30/2014,13,2708
8/30/2014,14,2635
8/30/2014,15,2716
8/30/2014,16,2682
8/30/2014,17,2814
8/30/2014,18,2235
8/30/2014,19,1339
8/30/2014,20,754
8/30/2014,21,466
8/30/2014,22,290
8/30/2014,23,161
8/31/2014,0,194
8/31/2014,1,354
8/31/2014,2,691
8/31/2014,3,1155
8/31/2014,4,1789
8/31/2014,5,2420
8/31/2014,6,2955
8/31/2014,7,3189
8/31/2014,8,2534
8/31/2014,9,2366
8/31/2014,10,2736
8/31/2014,11,2718
8/31/2014,12,2753
8/31/2014,13,2726
8/31/2014,14,2999
8/31/2014,15,3022
8/31/2014,16,3134
8/31/2014,17,2946
8/31/2014,18,2033
8/31/2014,19,1216
8/31/2014,20,625
8/31/2014,21,313
8/31/2014,22,205
8/31/2014,23,111
9/1/2014,0,149
9/1/2014,1,372
9/1/2014,2,635
9/1/2014,3,993
9/1/2014,4,1703
9/1/2014,5,2387
9/1/2014,6,3022
9/1/2014,7,2848
9/1/2014,8,2362
9/1/2014,9,2785
9/1/2014,10,2988
9/1/2014,11,3232
9/1/2014,12,2894
9/1/2014,13,2717
9/1/2014,14,2910
9/1/2014,15,3008
9/1/2014,16,3250
9/1/2014,17,3129
9/1/2014,18,2351
9/1/2014,19,1247
9/1/2014,20,738
9/1/2014,21,363
9/1/2014,22,224
9/1/2014,23,164
9/2/2014,0,237
9/2/2014,1,454
9/2/2014,2,775
9/2/2014,3,1359
9/2/2014,4,1976
9/2/2014,5,2774
9/2/2014,6,3214
9/2/2014,7,3546
9/2/2014,8,2574
9/2/2014,9,2823
9/2/2014,10,3176
9/2/2014,11,2943
9/2/2014,12,2639
9/2/2014,13,2401
9/2/2014,14,2597
9/2/2014,15,2559
9/2/2014,16,2747
9/2/2014,17,2641
9/2/2014,18,2036
9/2/2014,19,1276
9/2/2014,20,680
9/2/2014,21,350
9/2/2014,22,209
9/2/2014,23,155
9/3/2014,0,166
9/3/2014,1,423
9/3/2014,2,357
9/3/2014,3,383
9/3/2014,4,627
9/3/2014,5,870
9/3/2014,6,999
9/3/2014,7,946
9/3/2014,8,956
9/3/2014,9,987
9/3/2014,10,1136
9/3/2014,11,1080
9/3/2014,12,1022
9/3/2014,13,962
9/3/2014,14,1305
9/3/2014,15,3038
9/3/2014,16,2938
9/3/2014,17,1782
9/3/2014,18,1569
9/3/2014,19,1082
9/3/2014,20,667
9/3/2014,21,413
9/3/2014,22,222
9/3/2014,23,163
9/4/2014,0,277
9/4/2014,1,512
9/4/2014,2,790
9/4/2014,3,1334
9/4/2014,4,1945
9/4/2014,5,2693
9/4/2014,6,3081
9/4/2014,7,3099
9/4/2014,8,2527
9/4/2014,9,2576
9/4/2014,10,3495
9/4/2014,11,3323
9/4/2014,12,2970
9/4/2014,13,2650
9/4/2014,14,3025
9/4/2014,15,2994
9/4/2014,16,2953
9/4/2014,17,2967
9/4/2014,18,2321
9/4/2014,19,1236
9/4/2014,20,771
9/4/2014,21,374
9/4/2014,22,253
9/4/2014,23,126
9/5/2014,0,213
9/5/2014,1,461
9/5/2014,2,728
9/5/2014,3,1178
9/5/2014,4,1783
9/5/2014,5,2333
9/5/2014,6,2842
9/5/2014,7,2966
9/5/2014,8,2254
9/5/2014,9,2395
9/5/2014,10,2960
9/5/2014,11,2822
9/5/2014,12,2628
9/5/2014,13,2242
9/5/2014,14,2471
9/5/2014,15,2456
9/5/2014,16,2513
9/5/2014,17,2569
9/5/2014,18,2064
9/5/2014,19,1157
9/5/2014,20,673
9/5/2014,21,409
9/5/2014,22,185
9/5/2014,23,164
9/6/2014,0,209
9/6/2014,1,382
9/6/2014,2,714
9/6/2014,3,1068
9/6/2014,4,1592
9/6/2014,5,2251
9/6/2014,6,2686
9/6/2014,7,2829
9/6/2014,8,2419
9/6/2014,9,2446
9/6/2014,10,2681
9/6/2014,11,2917
9/6/2014,12,2441
9/6/2014,13,2346
9/6/2014,14,2546
9/6/2014,15,2517
9/6/2014,16,2396
9/6/2014,17,2407
9/6/2014,18,2018
9/6/2014,19,1411
9/6/2014,20,768
9/6/2014,21,384
9/6/2014,22,226
9/6/2014,23,163
9/7/2014,0,142
9/7/2014,1,344
9/7/2014,2,608
9/7/2014,3,1019
9/7/2014,4,1680
9/7/2014,5,2165
9/7/2014,6,2619
9/7/2014,7,2796
9/7/2014,8,2304
9/7/2014,9,2179
9/7/2014,10,2616
9/7/2014,11,2633
9/7/2014,12,2534
9/7/2014,13,2698
9/7/2014,14,2892
9/7/2014,15,2791
9/7/2014,16,2648
9/7/2014,17,2726
9/7/2014,18,2192
9/7/2014,19,1358
9/7/2014,20,691
9/7/2014,21,395
9/7/2014,22,203
9/7/2014,23,84
9/8/2014,0,184
9/8/2014,1,355
9/8/2014,2,643
9/8/2014,3,1124
9/8/2014,4,1561
9/8/2014,5,2370
9/8/2014,6,2556
9/8/2014,7,1092
9/8/2014,8,1054
9/8/2014,9,1078
9/8/2014,10,1130
9/8/2014,11,1140
9/8/2014,12,1051
9/8/2014,13,974
9/8/2014,14,1064
9/8/2014,15,1067
9/8/2014,16,1098
9/8/2014,17,996
9/8/2014,18,730
9/8/2014,19,395
9/8/2014,20,190
9/8/2014,21,112
9/8/2014,22,68
9/8/2014,23,49
9/9/2014,0,63
9/9/2014,1,137
9/9/2014,2,234
9/9/2014,3,441
9/9/2014,4,1360
9/9/2014,5,2379
9/9/2014,6,3003
9/9/2014,7,3098
9/9/2014,8,2890
9/9/2014,9,3269
9/9/2014,10,3332
9/9/2014,11,3210
9/9/2014,12,2817
9/9/2014,13,2749
9/9/2014,14,2742
9/9/2014,15,3082
9/9/2014,16,3170
9/9/2014,17,3044
9/9/2014,18,2292
9/9/2014,19,1266
9/9/2014,20,687
9/9/2014,21,464
9/9/2014,22,266
9/9/2014,23,136
9/10/2014,0,201
9/10/2014,1,520
9/10/2014,2,805
9/10/2014,3,1191
9/10/2014,4,1905
9/10/2014,5,2547
9/10/2014,6,3245
9/10/2014,7,3238
9/10/2014,8,2970
9/10/2014,9,3114
9/10/2014,10,3110
9/10/2014,11,3197
9/10/2014,12,2901
9/10/2014,13,2482
9/10/2014,14,2958
9/10/2014,15,2879
9/10/2014,16,2948
9/10/2014,17,2970
9/10/2014,18,2201
9/10/2014,19,1423
9/10/2014,20,694
9/10/2014,21,373
9/10/2014,22,245
9/10/2014,23,160
9/11/2014,0,249
9/11/2014,1,452
9/11/2014,2,761
9/11/2014,3,1337
9/11/2014,4,1793
9/11/2014,5,2614
9/11/2014,6,3037
9/11/2014,7,3278
9/11/2014,8,3207
9/11/2014,9,3695
9/11/2014,10,3491
9/11/2014,11,3490
9/11/2014,12,3055
9/11/2014,13,2770
9/11/2014,14,2901
9/11/2014,15,3011
9/11/2014,16,3125
9/11/2014,17,3098
9/11/2014,18,2317
9/11/2014,19,1342
9/11/2014,20,658
9/11/2014,21,379
9/11/2014,22,206
9/11/2014,23,203
9/12/2014,0,245
9/12/2014,1,396
9/12/2014,2,869
9/12/2014,3,1369
9/12/2014,4,1941
9/12/2014,5,2204
9/12/2014,6,3310
9/12/2014,7,3180
9/12/2014,8,2926
9/12/2014,9,3258
9/12/2014,10,3207
9/12/2014,11,3391
9/12/2014,12,3186
9/12/2014,13,2772
9/12/2014,14,3022
9/12/2014,15,2903
9/12/2014,16,3211
9/12/2014,17,2993
9/12/2014,18,2484
9/12/2014,19,1423
9/12/2014,20,770
9/12/2014,21,384
9/12/2014,22,294
9/12/2014,23,200
9/13/2014,0,214
9/13/2014,1,394
9/13/2014,2,815
9/13/2014,3,1324
9/13/2014,4,1965
9/13/2014,5,2642
9/13/2014,6,3106
9/13/2014,7,3189
9/13/2014,8,3080
9/13/2014,9,3286
9/13/2014,10,3296
9/13/2014,11,3066
9/13/2014,12,2743
9/13/2014,13,2828
9/13/2014,14,2957
9/13/2014,15,2809
9/13/2014,16,2942
9/13/2014,17,2806
9/13/2014,18,2088
9/13/2014,19,1585
9/13/2014,20,930
9/13/2014,21,443
9/13/2014,22,327
9/13/2014,23,200
